{
  "palette": {
    "background": "#0f172a",
    "surface": "#1e293b",
    "primary": "#ea580e",
    "secondary": "#3b82f6",
    "accent": "#10b981",
    "text": "#ffffff",
    "muted": "#94a3b8"
  },
  "spacing": {
    "xs": "0.25rem",
    "sm": "0.5rem",
    "md": "1rem",
    "lg": "1.5rem",
    "xl": "2rem"
  },
  "radii": {
    "sm": "0.25rem",
    "md": "0.5rem",
    "lg": "0.75rem"
  },
  "shadows": {
    "soft": "0 2px 10px rgba(0,0,0,0.2)",
    "strong": "0 4px 20px rgba(0,0,0,0.3)"
  },
  "font_stack": {
    "heading": "clamp(1.5rem, 3vw, 2rem) system-ui, -apple-system, BlinkMacSystemFont, 'Segoe UI', Roboto, Helvetica, Arial, sans-serif",
    "body": "clamp(0.9375rem, 1.5rem, 1.75rem) system-ui, -apple-system, BlinkMacSystemFont, 'Segoe UI', Roboto, Helvetica, Arial, sans-serif",
    "mono": "'Courier New', Courier, monospace"
  }
}