{
  "palette": {
    "background": "#121212",
    "surface": "#1e1e1e",
    "primary": "#3f88cc",
    "secondary": "#2a6fc5",
    "accent": "#ff6b6b",
    "text": "#ffffff",
    "muted": "#bbbbbb"
  },
  "spacing": {
    "xs": "0.25rem",
    "sm": "0.5rem",
    "md": "1rem",
    "lg": "1.5rem",
    "xl": "2rem"
  },
  "radii": {
    "sm": "4px",
    "md": "8px",
    "lg": "12px"
  },
  "shadows": {
    "soft": "0 2px 4px rgba(0,0,0,0.1)",
    "strong": "0 8px 16px rgba(0,0,0,0.2)"
  },
  "font_stack": {
    "heading": "'Inter', 'Segoe UI', sans-serif",
    "body": "'Segoe UI', 'Helvetica Neue', sans-serif",
    "mono": "'Courier New', monospace"
  }
}