{
  "palette": {
    "background": "#f5f5f5",
    "surface": "#ffffff",
    "primary": "#007bff",
    "secondary": "#6c757d",
    "accent": "#28a745",
    "text": "#212529",
    "muted": "#6c757d"
  },
  "spacing": {
    "xs": "0.25rem",
    "sm": "0.5rem",
    "md": "1rem",
    "lg": "2rem",
    "xl": "3rem"
  },
  "radii": {
    "sm": "0.125rem",
    "md": "0.25rem",
    "lg": "0.5rem"
  },
  "shadows": {
    "soft": "rgba(0, 0, 0, 0.1)",
    "strong": "rgba(0, 0, 0, 0.2)"
  },
  "font_stack": {
    "heading": "'Arial Black', Gadget, sans-serif",
    "body": "'Segoe UI', 'Open Sans', sans-serif",
    "mono": "'Courier New', Courier, monospace"
  }
}