{
  "palette": {
    "background": "#FFFFFF",
    "surface": "#F5F5F5",
    "primary": "#0076B3",
    "secondary": "#182D4E",
    "accent": "#FF9900",
    "text": "#000000",
    "muted": "#C0C0C0"
  },
  "spacing": {
    "xs": "0.5rem",
    "sm": "1rem",
    "md": "2rem",
    "lg": "4rem",
    "xl": "8rem"
  },
  "radii": {
    "sm": "0.25rem",
    "md": "0.5rem",
    "lg": "1rem"
  },
  "shadows": {
    "soft": "0px 4px 8px rgba(0, 0, 0, 0.2)",
    "strong": "0px 8px 16px rgba(0, 0, 0, 0.3)"
  },
  "font_stack": {
    "heading": "Roboto Condensed",
    "body": "'Open Sans', sans-serif",
    "mono": "Menlo, Monaco, monospace"
  }
}