{
  "palette": {
    "background": "#0f172a",
    "surface": "#1e293b",
    "primary": "#6366f1",
    "secondary": "#93c5fd",
    "accent": "#facc15",
    "text": "#ffffff",
    "muted": "#e2e8f0"
  },
  "spacing": {
    "xs": "0.5rem",
    "sm": "1rem",
    "md": "1.5rem",
    "lg": "2rem",
    "xl": "3rem"
  },
  "radii": {
    "sm": "0.25rem",
    "md": "0.5rem",
    "lg": "1rem"
  },
  "shadows": {
    "soft": "0 4px 6px -1px rgba(0,0,0,0.1)",
    "strong": "0 8px 16px rgba(0,0,0,0.2)"
  },
  "font_stack": {
    "heading": "'system-ui', sans-serif",
    "body": "'system-ui', -apple-system, BlinkMacSystemFont, 'Segoe UI', Roboto, 'Helvetica Neue', Arial, sans-serif",
    "mono": "monospace"
  }
}