{
  "palette": {
    "background": "#0f172a",
    "surface": "#1e293b",
    "primary": "#3b82f6",
    "secondary": "#4b5563",
    "accent": "#22c55e",
    "text": "#d1d5db",
    "muted": "#9ca3af"
  },
  "spacing": {
    "xs": "0.25rem",
    "sm": "0.5rem",
    "md": "1rem",
    "lg": "1.5rem",
    "xl": "2rem"
  },
  "radii": {
    "sm": "0.25rem",
    "md": "0.5rem",
    "lg": "1rem"
  },
  "shadows": {
    "soft": "0 1px 3px rgba(255, 255, 255, 0.25)",
    "strong": "0 4px 6px rgba(255, 255, 255, 0.3)"
  },
  "font_stack": {
    "heading": "'Segoe UI', 'Roboto', 'Helvetica Neue', sans-serif",
    "body": "'Segoe UI', 'Roboto', 'Helvetica Neue', sans-serif",
    "mono": "'Courier New', Courier, monospace"
  }
}