{
  "palette": {
    "background": "#0f172a",
    "surface": "#1e293b",
    "primary": "#3b82f6",
    "secondary": "#10b981",
    "accent": "#8b5cf6",
    "text": "#ffffff",
    "muted": "#9ca3af"
  },
  "spacing": {
    "xs": "0.5rem",
    "sm": "0.75rem",
    "md": "1rem",
    "lg": "1.5rem",
    "xl": "2rem"
  },
  "radii": {
    "sm": "0.25rem",
    "md": "0.5rem",
    "lg": "1rem"
  },
  "shadows": {
    "soft": "0 1px 3px rgba(0,0,0,0.1)",
    "strong": "0 4px 6px -1px rgba(0,0,0,0.1)"
  },
  "font_stack": {
    "heading": "'Inter', sans-serif",
    "body": "'Inter', sans-serif",
    "mono": "'Courier New', monospace"
  }
}