{
  "palette": {
    "background": "#0f172a",
    "surface": "#1e293b",
    "primary": "#3b82f6",
    "secondary": "#8b5cf6",
    "accent": "#10b981",
    "text": "#f1f5f9",
    "muted": "#64748b"
  },
  "spacing": {
    "xs": "0.5rem",
    "sm": "1rem",
    "md": "1.5rem",
    "lg": "2.5rem",
    "xl": "4rem"
  },
  "radii": {
    "sm": "0.375rem",
    "md": "0.75rem",
    "lg": "1rem"
  },
  "shadows": {
    "soft": "0 4px 6px -1px rgba(0, 0, 0, 0.1), 0 2px 4px -1px rgba(0, 0, 0, 0.06)",
    "strong": "0 10px 15px -3px rgba(0, 0, 0, 0.1), 0 4px 6px -2px rgba(0, 0, 0, 0.05)"
  },
  "font_stack": {
    "heading": "'Inter', system-ui, -apple-system, sans-serif",
    "body": "'Inter', system-ui, -apple-system, sans-serif",
    "mono": "ui-monospace, 'SF Mono', SFMono-Regular, monospace"
  }
}