{
  "palette": {
    "background": "#121212",
    "surface": "#1e1e1e",
    "primary": "#3f87f9",
    "secondary": "#00bfa5",
    "accent": "#ffcc00",
    "text": "#ffffff",
    "muted": "#bbbbbb"
  },
  "spacing": {
    "xs": "4px",
    "sm": "8px",
    "md": "16px",
    "lg": "24px",
    "xl": "32px"
  },
  "radii": {
    "sm": "4px",
    "md": "8px",
    "lg": "12px"
  },
  "shadows": {
    "soft": "0 1px 3px rgba(0,0,0,0.1)",
    "strong": "0 4px 12px rgba(0,0,0,0.2)"
  },
  "font_stack": {
    "heading": "'Segoe UI', Roboto, Helvetica, Arial, sans-serif",
    "body": "'Segoe UI', Roboto, Helvetica, Arial, sans-serif",
    "mono": "Courier New, monospace"
  }
}