{
  "palette": {
    "background": "#0f172a",
    "surface": "#1e293b",
    "primary": "#4ade80",
    "secondary": "#3b82f6",
    "accent": "#f59e0b",
    "text": "#f1f5f9",
    "muted": "#a78bfa"
  },
  "spacing": {
    "xs": "0.25rem",
    "sm": "0.5rem",
    "md": "0.75rem",
    "lg": "1rem",
    "xl": "1.5rem"
  },
  "radii": {
    "sm": "0.125rem",
    "md": "0.25rem",
    "lg": "0.375rem"
  },
  "shadows": {
    "soft": "0 1px 3px rgba(0,0,0,0.1)",
    "strong": "0 4px 6px -1px rgba(0,0,0,0.1)"
  },
  "font_stack": {
    "heading": "'Inter', sans-serif",
    "body": "'Inter', sans-serif",
    "mono": "'Courier New', monospace"
  }
}