{
  "palette": {
    "background": "#0f1723",
    "surface": "#1e293b",
    "primary": "#4ade80",
    "secondary": "#6366f1",
    "accent": "#fb923c",
    "text": "#ffffff",
    "muted": "#bdc5d5"
  },
  "spacing": {
    "xs": "0.25rem",
    "sm": "0.5rem",
    "md": "1rem",
    "lg": "1.5rem",
    "xl": "2rem"
  },
  "radii": {
    "sm": "0.25rem",
    "md": "0.5rem",
    "lg": "0.75rem"
  },
  "shadows": {
    "soft": "0 1px 3px rgba(0,0,0,0.1)",
    "strong": "0 4px 8px rgba(0,0,0,0.2)"
  },
  "font_stack": {
    "heading": "'Inter var', system-ui",
    "body": "'Roboto', sans-serif",
    "mono": "monospace"
  }
}