{
  "palette": {
    "background": "#0f0f0f",
    "surface": "#1a1a1a",
    "primary": "#8e44ad",
    "secondary": "#3498db",
    "accent": "#2ecc71",
    "text": "#ffffff",
    "muted": "#cccccc"
  },
  "spacing": {
    "xs": "0.5rem",
    "sm": "1rem",
    "md": "1.5rem",
    "lg": "2rem",
    "xl": "3rem"
  },
  "radii": {
    "sm": "4px",
    "md": "8px",
    "lg": "12px"
  },
  "shadows": {
    "soft": "0 2px 6px rgba(0,0,0,0.3)",
    "strong": "0 10px 25px rgba(0,0,0,0.4)"
  },
  "font_stack": {
    "heading": "-apple-system, BlinkMacSystemFont, 'Segoe UI', Roboto, Helvetica, Arial, sans-serif",
    "body": "'Open Sans', sans-serif",
    "mono": "monospace"
  }
}