{
  "palette": {
    "background": "#0f172a",
    "surface": "#1e293b",
    "primary": "#34d399",
    "secondary": "#6366f1",
    "accent": "#fbbf24",
    "text": "#e2e8f0",
    "muted": "#9ca3af"
  },
  "spacing": {
    "xs": "0.5rem",
    "sm": "1rem",
    "md": "1.5rem",
    "lg": "2rem",
    "xl": "3rem"
  },
  "radii": {
    "sm": "0.25rem",
    "md": "0.5rem",
    "lg": "0.75rem"
  },
  "shadows": {
    "soft": "0 1px 3px rgba(255,255,255,0.08)",
    "strong": "0 4px 6px -1px rgba(255,255,255,0.1)"
  },
  "font_stack": {
    "heading": "-apple-system, BlinkMacSystemFont, 'Segoe UI', Roboto, 'Helvetica Neue', Arial, sans-serif",
    "body": "'Inter var', -apple-system, BlinkMacSystemFont, 'Segoe UI', Roboto, 'Helvetica Neue', Arial, sans-serif",
    "mono": "monospace"
  }
}