{
  "palette": {
    "background": "#121212",
    "surface": "#1e1e1e",
    "primary": "#3f8cff",
    "secondary": "#00bfa5",
    "accent": "#ffcc00",
    "text": "#ffffff",
    "muted": "#bbbbbb"
  },
  "spacing": {
    "xs": "0.25rem",
    "sm": "0.5rem",
    "md": "1rem",
    "lg": "1.5rem",
    "xl": "2rem"
  },
  "radii": {
    "sm": "0.2rem",
    "md": "0.4rem",
    "lg": "0.6rem"
  },
  "shadows": {
    "soft": "0 2px 4px rgba(0,0,0,0.1)",
    "strong": "0 8px 16px rgba(0,0,0,0.2)"
  },
  "font_stack": {
    "heading": "'system-ui', sans-serif",
    "body": "'system-ui', -apple-system, BlinkMacSystemFont, 'Segoe UI', Roboto, 'Helvetica Neue', Arial, sans-serif",
    "mono": "monospace"
  }
}