{
  "palette": {
    "background": "#121212",
    "surface": "#1F1F1F",
    "primary": "#4CAF50",
    "secondary": "#8BC34A",
    "accent": "#CDDC39",
    "text": "#FFFFFF",
    "muted": "#BDBDBD"
  },
  "spacing": {
    "xs": "0.5rem",
    "sm": "1rem",
    "md": "2rem",
    "lg": "4rem",
    "xl": "8rem"
  },
  "radii": {
    "sm": "2px",
    "md": "4px",
    "lg": "8px"
  },
  "shadows": {
    "soft": "0px 1px 3px rgba(0, 0, 0, 0.1), 0px 1px 2px rgba(0, 0, 0, 0.06)",
    "strong": "0px 5px 15px rgba(0, 0, 0, 0.3)"
  },
  "font_stack": {
    "heading": "'Segoe UI', sans-serif",
    "body": "'Open Sans', sans-serif",
    "mono": "'Roboto Mono', monospace"
  }
}