{
  "palette": {
    "background": "#282b36",
    "surface": "#1e1f22",
    "primary": "#d4d5da",
    "secondary": "#9dc0a7",
    "accent": "#7a7c87",
    "text": "#ffffff",
    "muted": "#b2b3bb"
  },
  "spacing": {
    "xs": "1rem",
    "sm": "1.5rem",
    "md": "2rem",
    "lg": "3rem",
    "xl": "4rem"
  },
  "radii": {
    "sm": "0.75rem",
    "md": "1rem",
    "lg": "2rem"
  },
  "shadows": {
    "soft": "0.5rem 1rem 1rem -0.5rem",
    "strong": "2rem 3rem 4rem"
  },
  "font_stack": {
    "heading": "inherit",
    "body": "400 600",
    "mono": "700"
  }
}