{
  "palette": {
    "background": "#1F2937",
    "surface": "#374151",
    "primary": "#3B82F6",
    "secondary": "#10B981",
    "accent": "#84CC5D",
    "text": "#FFFFFF",
    "muted": "#E5E7EB"
  },
  "spacing": {
    "xs": "0.5rem",
    "sm": "1rem",
    "md": "1.5rem",
    "lg": "2rem",
    "xl": "3rem"
  },
  "radii": {
    "sm": "4px",
    "md": "8px",
    "lg": "16px"
  },
  "shadows": {
    "soft": "rgba(0, 0, 0, 0.1)",
    "strong": "rgba(0, 0, 0, 0.2)"
  },
  "font_stack": {
    "heading": "'system-ui', sans-serif",
    "body": "'system-ui', sans-serif",
    "mono": "monospace"
  }
}